time,open,high,low,close,tick_volume
2026-02-06 20:00:00,4960.86,4971.54,4936.02,4959.53,62006
2026-02-09 00:00:00,4991.69,5047.33,4963.44,4982.92,67860
2026-02-09 04:00:00,4982.86,5041.67,4968.51,5036.7,72533
2026-02-09 08:00:00,5036.16,5045.97,4997.01,5007.24,81044
2026-02-09 12:00:00,5007.2,5025.25,4981.21,5007.21,81096
2026-02-09 16:00:00,5007.4,5080.6,5001.65,5046.49,91244
2026-02-09 20:00:00,5046.5,5086.73,5043.86,5058.11,67167
2026-02-10 00:00:00,5058.57,5076.99,4986.13,5033.0,64894
2026-02-10 04:00:00,5033.04,5056.77,5010.46,5039.42,74233
2026-02-10 08:00:00,5039.57,5063.71,5017.93,5047.19,76750
2026-02-10 12:00:00,5047.06,5058.79,5019.0,5051.0,75104
2026-02-10 16:00:00,5051.67,5078.35,4997.7,5025.13,95786
2026-02-10 20:00:00,5025.21,5045.62,5004.29,5025.02,70103
2026-02-11 00:00:00,5025.54,5054.98,5023.73,5052.08,49276
2026-02-11 04:00:00,5052.12,5064.14,5031.72,5052.43,62709
2026-02-11 08:00:00,5052.04,5072.54,5045.1,5062.22,71161
2026-02-11 12:00:00,5062.28,5119.58,5015.05,5065.37,91471
2026-02-11 16:00:00,5065.19,5099.03,5034.65,5091.91,105262
2026-02-11 20:00:00,5091.47,5094.39,5065.79,5083.85,72708
2026-02-12 00:00:00,5084.72,5100.28,5044.26,5063.55,57854
2026-02-12 04:00:00,5063.31,5078.44,5050.41,5075.53,67996
2026-02-12 08:00:00,5075.54,5081.21,5046.58,5072.4,70329
2026-02-12 12:00:00,5072.37,5084.14,5048.67,5075.68,63402
2026-02-12 16:00:00,5075.61,5078.2,4877.22,4941.29,107229
2026-02-12 20:00:00,4941.29,4958.14,4906.72,4921.23,88377
2026-02-13 00:00:00,4923.33,4989.19,4886.44,4980.93,60102
2026-02-13 04:00:00,4981.45,4997.65,4944.5,4946.79,65171
2026-02-13 08:00:00,4946.97,4989.14,4945.75,4969.69,74688
2026-02-13 12:00:00,4969.68,4999.81,4933.03,4987.77,70984
2026-02-13 16:00:00,4987.78,5034.06,4964.09,5021.83,101647
2026-02-13 20:00:00,5021.58,5046.42,5015.25,5041.8,72557
2026-02-16 00:00:00,5035.02,5035.2,4998.96,5028.34,51940
2026-02-16 04:00:00,5028.3,5031.59,4964.08,4991.02,63815
2026-02-16 08:00:00,4990.55,5017.45,4984.39,5013.65,55778
2026-02-16 12:00:00,5013.81,5017.57,4989.05,4996.99,52672
2026-02-16 16:00:00,4996.96,4999.86,4968.5,4991.49,59037
2026-02-16 20:00:00,4991.34,4997.91,4988.05,4991.1,15834
2026-02-17 00:00:00,4994.38,5001.57,4922.51,4956.84,51359
2026-02-17 04:00:00,4956.64,4971.25,4857.27,4889.13,63122
2026-02-17 08:00:00,4888.41,4932.7,4885.85,4925.11,65668
2026-02-17 12:00:00,4925.39,4944.74,4869.2,4870.72,65166
2026-02-17 16:00:00,4869.9,4907.59,4840.97,4864.51,104031
2026-02-17 20:00:00,4864.63,4910.95,4862.06,4876.95,76305
2026-02-18 00:00:00,4878.2,4893.45,4852.83,4890.04,51376
2026-02-18 04:00:00,4890.11,4940.48,4885.99,4932.92,50934
2026-02-18 08:00:00,4933.22,4942.43,4912.38,4917.93,53640
2026-02-18 12:00:00,4917.95,4968.81,4906.0,4954.89,63297
2026-02-18 16:00:00,4954.65,5011.33,4951.79,4998.82,82318
2026-02-18 20:00:00,4998.75,5003.53,4972.46,4976.51,68603
2026-02-19 00:00:00,4974.71,4989.25,4955.65,4972.67,42250
2026-02-19 04:00:00,4972.65,4998.54,4965.29,4996.49,44626
2026-02-19 08:00:00,4997.15,5022.35,4992.55,4995.48,53407
2026-02-19 12:00:00,4995.64,4998.69,4971.73,4996.41,61022
2026-02-19 16:00:00,4996.51,5022.58,4962.71,4983.63,88325
2026-02-19 20:00:00,4983.93,5004.45,4975.26,4995.35,56978
2026-02-20 00:00:00,4995.87,5015.12,4984.96,4997.39,38353
2026-02-20 04:00:00,4997.23,5012.13,4981.09,5011.52,45863
2026-02-20 08:00:00,5011.32,5042.83,5004.58,5027.31,60212
2026-02-20 12:00:00,5027.12,5048.94,5006.4,5043.65,59361
2026-02-20 16:00:00,5044.1,5076.67,4990.06,5072.57,99357
2026-02-20 20:00:00,5072.47,5100.95,5053.85,5100.46,62668
2026-02-23 00:00:00,5108.62,5171.38,5107.12,5157.13,64992
2026-02-23 04:00:00,5156.79,5176.88,5151.87,5157.87,61899
2026-02-23 08:00:00,5157.92,5161.83,5121.84,5149.8,63633
2026-02-23 12:00:00,5149.76,5165.87,5143.18,5146.41,59709
2026-02-23 16:00:00,5146.58,5219.0,5141.02,5207.58,92725
2026-02-23 20:00:00,5207.51,5237.61,5201.16,5227.41,62845
2026-02-24 00:00:00,5226.85,5249.75,5145.0,5177.36,62623
2026-02-24 04:00:00,5177.49,5192.17,5160.23,5182.1,67934
2026-02-24 08:00:00,5182.25,5185.17,5155.84,5171.76,68804
2026-02-24 12:00:00,5171.74,5181.31,5110.59,5115.28,68728
2026-02-24 16:00:00,5114.83,5164.05,5092.39,5164.01,90453
2026-02-24 20:00:00,5164.01,5173.52,5140.11,5143.93,62332
2026-02-25 00:00:00,5143.32,5190.77,5120.77,5177.0,52807
2026-02-25 04:00:00,5176.99,5210.86,5165.9,5201.33,68107
2026-02-25 08:00:00,5201.33,5202.1,5175.4,5192.82,60421
2026-02-25 12:00:00,5192.74,5195.52,5154.85,5184.84,62391
2026-02-25 16:00:00,5184.85,5217.97,5158.29,5206.51,82122
2026-02-25 20:00:00,5207.2,5208.71,5144.77,5164.58,67218
2026-02-26 00:00:00,5159.07,5198.35,5155.08,5191.22,57919
2026-02-26 04:00:00,5191.18,5205.79,5173.83,5197.97,60968
2026-02-26 08:00:00,5197.93,5199.91,5168.15,5186.22,57057
2026-02-26 12:00:00,5186.02,5190.48,5157.66,5166.62,52016
2026-02-26 16:00:00,5166.21,5192.95,5130.39,5167.48,80899
2026-02-26 20:00:00,5167.42,5200.98,5160.36,5185.3,49327
2026-02-27 00:00:00,5184.51,5194.8,5166.77,5193.68,35388
2026-02-27 04:00:00,5193.72,5200.48,5173.83,5197.82,46400
2026-02-27 08:00:00,5197.81,5199.22,5172.19,5175.85,48377
2026-02-27 12:00:00,5175.84,5240.93,5168.59,5223.3,54485
2026-02-27 16:00:00,5223.04,5258.03,5213.93,5234.56,81938
2026-02-27 20:00:00,5234.61,5279.14,5222.31,5278.28,51495
2026-03-02 00:00:00,5314.34,5392.93,5300.36,5324.49,49471
2026-03-02 04:00:00,5324.67,5366.83,5316.65,5365.64,35752
2026-03-02 08:00:00,5365.61,5419.12,5363.16,5391.9,48067
2026-03-02 12:00:00,5392.02,5416.51,5375.1,5393.84,51607
2026-03-02 16:00:00,5393.83,5395.14,5260.51,5306.72,89575
2026-03-02 20:00:00,5306.81,5346.33,5289.59,5321.69,48301
2026-03-03 00:00:00,5298.38,5379.68,5298.38,5339.06,28284
2026-03-03 04:00:00,5339.31,5375.31,5304.95,5319.03,43079
2026-03-03 08:00:00,5319.04,5335.89,5226.38,5274.97,63663
2026-03-03 12:00:00,5275.01,5287.8,5073.65,5156.6,84279
2026-03-03 16:00:00,5156.45,5175.47,4995.95,5079.09,98479
2026-03-03 20:00:00,5079.14,5148.79,5079.06,5087.99,67339
2026-03-04 00:00:00,5099.83,5178.41,5082.33,5174.93,37027
2026-03-04 04:00:00,5174.8,5190.77,5141.06,5159.87,50539
2026-03-04 08:00:00,5159.85,5184.93,5116.85,5182.19,52784
2026-03-04 12:00:00,5182.27,5206.06,5156.31,5167.7,50706
2026-03-04 16:00:00,5167.75,5184.96,5120.2,5141.03,79945
2026-03-04 20:00:00,5141.01,5146.55,5109.13,5141.07,45736
2026-03-05 00:00:00,5134.5,5186.14,5134.5,5172.31,25699
2026-03-05 04:00:00,5172.33,5194.81,5148.25,5148.57,38553
2026-03-05 08:00:00,5148.57,5180.39,5120.84,5161.09,55299
2026-03-05 12:00:00,5161.12,5171.44,5081.29,5117.84,46549
2026-03-05 16:00:00,5118.03,5129.68,5054.14,5063.02,92662
2026-03-05 20:00:00,5063.0,5094.65,5050.88,5080.81,62785
2026-03-06 00:00:00,5080.04,5143.7,5066.17,5134.45,30684
2026-03-06 04:00:00,5134.11,5141.38,5114.1,5117.08,34039
2026-03-06 08:00:00,5117.36,5123.04,5083.43,5085.73,42234
2026-03-06 12:00:00,5085.79,5131.05,5062.88,5085.03,60489
2026-03-06 16:00:00,5084.93,5171.58,5080.95,5140.74,82673
2026-03-06 20:00:00,5140.88,5174.55,5138.69,5170.9,42809
2026-03-09 00:00:00,5191.63,5191.98,5028.16,5049.74,43347
2026-03-09 04:00:00,5049.44,5102.13,5014.67,5090.15,52446
2026-03-09 08:00:00,5090.16,5140.25,5080.96,5096.56,59059
2026-03-09 12:00:00,5096.55,5132.62,5079.91,5095.07,51811
2026-03-09 16:00:00,5094.88,5116.15,5061.01,5104.68,73705
2026-03-09 20:00:00,5104.51,5147.99,5089.11,5136.57,44326
2026-03-10 00:00:00,5139.28,5155.95,5116.31,5131.01,28294
2026-03-10 04:00:00,5130.64,5186.59,5124.66,5163.79,42243
2026-03-10 08:00:00,5163.81,5195.17,5158.51,5183.45,35828
2026-03-10 12:00:00,5183.59,5191.87,5156.5,5187.03,45548
2026-03-10 16:00:00,5186.96,5238.49,5185.42,5227.58,68188
2026-03-10 20:00:00,5227.68,5235.36,5161.0,5192.67,53179
2026-03-11 00:00:00,5186.31,5219.34,5182.16,5215.4,19142
2026-03-11 04:00:00,5215.37,5222.96,5193.99,5204.45,30582
2026-03-11 08:00:00,5204.52,5210.72,5175.58,5187.53,37289
2026-03-11 12:00:00,5187.02,5197.1,5166.77,5167.55,42294
2026-03-11 16:00:00,5167.65,5196.23,5149.29,5175.63,73697
2026-03-11 20:00:00,5175.66,5183.48,5154.58,5175.84,35744
2026-03-12 00:00:00,5168.48,5183.08,5125.21,5152.82,25318
2026-03-12 04:00:00,5152.87,5175.08,5140.5,5142.55,32889
2026-03-12 08:00:00,5142.6,5189.64,5137.23,5178.08,31286
2026-03-12 12:00:00,5178.19,5191.75,5163.89,5181.43,39151
2026-03-12 16:00:00,5181.33,5186.16,5109.63,5123.49,79457
2026-03-12 20:00:00,5123.28,5129.56,5054.89,5078.83,51807
2026-03-13 00:00:00,5079.52,5115.27,5071.48,5113.69,18601
2026-03-13 04:00:00,5113.59,5128.37,5102.72,5104.39,28404
2026-03-13 08:00:00,5104.32,5110.97,5061.61,5087.3,43572
2026-03-13 12:00:00,5087.41,5121.71,5079.97,5118.34,43211
2026-03-13 16:00:00,5118.34,5121.11,5019.06,5045.95,81183
2026-03-13 20:00:00,5045.87,5063.93,5009.56,5022.06,51289
2026-03-16 00:00:00,5010.32,5030.56,4966.84,5025.33,31234
2026-03-16 04:00:00,5025.57,5026.23,4982.32,5012.69,41993
2026-03-16 08:00:00,5012.66,5036.0,4985.1,4991.05,45162
2026-03-16 12:00:00,4990.88,5025.69,4970.08,5019.89,54890
2026-03-16 16:00:00,5019.93,5037.98,4974.08,4990.47,71422
2026-03-16 20:00:00,4990.47,5021.63,4983.98,5006.25,44421
2026-03-17 00:00:00,5006.15,5015.58,4997.97,5002.71,15373
2026-03-17 04:00:00,5001.84,5041.83,4994.45,5037.86,33849
2026-03-17 08:00:00,5037.64,5044.35,5004.91,5024.81,40299
2026-03-17 12:00:00,5024.64,5025.82,4991.93,5011.64,39987
2026-03-17 16:00:00,5011.69,5031.48,4973.47,5001.99,68517
2026-03-17 20:00:00,5001.75,5008.94,4996.19,5005.5,33439
2026-03-18 00:00:00,5004.64,5012.23,4993.07,5004.09,11495
2026-03-18 04:00:00,5004.12,5015.94,4981.76,4986.98,31857
2026-03-18 08:00:00,4987.0,5016.34,4977.44,4987.56,33491
2026-03-18 12:00:00,4987.53,4995.59,4870.74,4881.72,54607
2026-03-18 16:00:00,4881.46,4894.55,4834.25,4887.31,79487
2026-03-18 20:00:00,4886.8,4898.91,4806.92,4818.7,62194
2026-03-19 00:00:00,4824.22,4848.57,4804.18,4841.07,27367
2026-03-19 04:00:00,4841.1,4866.98,4832.67,4849.72,37498
2026-03-19 08:00:00,4849.74,4853.76,4686.72,4709.51,68048
2026-03-19 12:00:00,4709.04,4725.83,4531.59,4574.05,85173
2026-03-19 16:00:00,4573.97,4649.03,4502.52,4584.84,104523
2026-03-19 20:00:00,4584.87,4663.07,4573.89,4651.06,71496
2026-03-20 00:00:00,4650.2,4676.96,4633.96,4648.44,22477
2026-03-20 04:00:00,4647.89,4735.74,4639.02,4721.45,47270
2026-03-20 08:00:00,4721.4,4734.72,4661.39,4693.73,55219
2026-03-20 12:00:00,4693.51,4700.37,4637.05,4678.34,62139
2026-03-20 16:00:00,4678.31,4679.48,4540.41,4583.22,99869
2026-03-20 20:00:00,4583.15,4600.35,4477.35,4498.17,74944
2026-03-23 00:00:00,4486.36,4535.82,4320.04,4354.17,43078
2026-03-23 04:00:00,4353.92,4453.73,4329.75,4367.59,70308
2026-03-23 08:00:00,4367.58,4380.0,4098.35,4251.23,95829
2026-03-23 12:00:00,4251.26,4492.43,4223.63,4478.53,90639
2026-03-23 16:00:00,4478.53,4512.79,4350.58,4375.43,103796
2026-03-23 20:00:00,4375.48,4466.96,4370.97,4406.63,76694
2026-03-24 00:00:00,4412.83,4448.36,4330.84,4364.38,38084
2026-03-24 04:00:00,4364.38,4379.11,4305.69,4333.27,75704
2026-03-24 08:00:00,4333.28,4432.89,4319.68,4412.0,85165
2026-03-24 12:00:00,4411.98,4442.03,4362.07,4378.78,81505
2026-03-24 16:00:00,4378.9,4433.72,4349.8,4421.27,104620
2026-03-24 20:00:00,4421.26,4483.81,4372.41,4474.1,78734
2026-03-25 00:00:00,4471.28,4571.9,4455.39,4563.22,38468
2026-03-25 04:00:00,4563.19,4602.46,4551.97,4572.47,55942
2026-03-25 08:00:00,4572.93,4573.34,4532.99,4556.1,57682
2026-03-25 12:00:00,4556.07,4585.54,4522.15,4543.9,66225
2026-03-25 16:00:00,4544.01,4579.27,4525.12,4555.34,89689
2026-03-25 20:00:00,4555.12,4568.82,4486.87,4506.43,61518
2026-03-26 00:00:00,4519.73,4539.05,4488.93,4535.49,29686
2026-03-26 04:00:00,4535.44,4543.69,4499.89,4520.37,43779
2026-03-26 08:00:00,4520.48,4522.27,4412.66,4427.86,76310
2026-03-26 12:00:00,4427.72,4456.39,4414.58,4430.09,74634
2026-03-26 16:00:00,4429.53,4479.47,4366.81,4389.26,97570
2026-03-26 20:00:00,4389.32,4420.59,4351.07,4377.97,75466
2026-03-27 00:00:00,4384.27,4415.22,4375.45,4378.64,24723
2026-03-27 04:00:00,4378.61,4449.51,4377.6,4446.08,41668
2026-03-27 08:00:00,4445.77,4474.96,4423.73,4424.21,52557
2026-03-27 12:00:00,4424.28,4445.32,4404.4,4437.95,58842
2026-03-27 16:00:00,4437.96,4555.39,4413.63,4516.2,91959
2026-03-27 20:00:00,4516.17,4528.69,4486.32,4500.81,58560
2026-03-30 00:00:00,4485.42,4514.55,4419.22,4432.12,40222
2026-03-30 04:00:00,4431.86,4517.65,4431.86,4496.74,55848
2026-03-30 08:00:00,4496.79,4550.66,4496.78,4538.23,51338
2026-03-30 12:00:00,4538.27,4580.64,4523.66,4569.33,50342
2026-03-30 16:00:00,4569.36,4578.6,4512.58,4539.93,76417
2026-03-30 20:00:00,4539.86,4542.25,4492.99,4511.1,52938
2026-03-31 00:00:00,4512.34,4548.15,4482.62,4547.17,31198
2026-03-31 04:00:00,4547.77,4619.3,4532.1,4564.77,58051
2026-03-31 08:00:00,4564.26,4581.79,4543.61,4568.65,51854
2026-03-31 12:00:00,4568.73,4597.58,4529.57,4574.78,57737
2026-03-31 16:00:00,4574.85,4651.68,4567.87,4638.18,82377
2026-03-31 20:00:00,4638.19,4687.16,4636.46,4667.19,61025
2026-04-01 00:00:00,4670.1,4722.48,4661.6,4710.84,30786
2026-04-01 04:00:00,4710.9,4724.23,4667.05,4676.37,46515
2026-04-01 08:00:00,4676.42,4747.79,4674.83,4728.59,54274
2026-04-01 12:00:00,4728.53,4762.95,4713.24,4724.78,48352
2026-04-01 16:00:00,4724.73,4790.72,4716.42,4787.29,69940
2026-04-01 20:00:00,4787.32,4792.93,4742.18,4758.14,48987
2026-04-02 00:00:00,4755.22,4800.26,4749.03,4784.72,24983
2026-04-02 04:00:00,4784.66,4786.18,4650.3,4672.52,65125
2026-04-02 08:00:00,4672.49,4680.5,4554.32,4620.78,61415
2026-04-02 12:00:00,4620.78,4635.04,4592.72,4601.75,47847
2026-04-02 16:00:00,4601.77,4699.63,4580.73,4659.27,84271
2026-04-02 20:00:00,4659.17,4681.82,4645.8,4676.09,47918
2026-04-06 00:00:00,4632.78,4664.12,4600.46,4621.94,32772
2026-04-06 04:00:00,4621.99,4671.68,4620.12,4658.78,41223
2026-04-06 08:00:00,4658.79,4697.92,4643.49,4695.6,36807
2026-04-06 12:00:00,4695.68,4706.37,4659.69,4675.59,36666
2026-04-06 16:00:00,4676.06,4697.27,4651.97,4660.35,61049
2026-04-06 20:00:00,4660.26,4666.26,4645.43,4650.43,35733
2026-04-07 00:00:00,4649.95,4667.74,4649.09,4654.76,18240
2026-04-07 04:00:00,4654.76,4664.47,4616.36,4659.52,46247
2026-04-07 08:00:00,4659.89,4690.72,4623.12,4682.66,49345
2026-04-07 12:00:00,4682.67,4694.33,4628.83,4651.47,52383
2026-04-07 16:00:00,4651.52,4668.42,4607.31,4657.01,70820
2026-04-07 20:00:00,4657.04,4717.65,4653.84,4705.34,53642
2026-04-08 00:00:00,4719.34,4856.99,4713.17,4817.98,45673
2026-04-08 04:00:00,4817.63,4825.18,4788.22,4803.84,43126
2026-04-08 08:00:00,4803.88,4843.64,4790.34,4793.81,42462
2026-04-08 12:00:00,4793.8,4806.85,4768.73,4799.5,31888
2026-04-08 16:00:00,4799.34,4806.39,4732.11,4760.23,22848
2026-04-08 20:00:00,4760.25,4764.16,4699.39,4719.05,19361
2026-04-09 00:00:00,4719.49,4732.39,4698.72,4706.58,12229
2026-04-09 04:00:00,4706.74,4732.75,4698.83,4720.64,17242
2026-04-09 08:00:00,4720.69,4732.88,4703.44,4726.09,18875
2026-04-09 12:00:00,4726.03,4759.56,4722.74,4745.7,35499
2026-04-09 16:00:00,4745.72,4800.98,4738.74,4788.78,69542
2026-04-09 20:00:00,4788.77,4801.1,4760.85,4765.42,41624
2026-04-10 00:00:00,4765.83,4779.78,4750.63,4762.89,17475
2026-04-10 04:00:00,4762.78,4777.0,4738.01,4758.54,33198
2026-04-10 08:00:00,4758.48,4769.16,4730.82,4740.74,33965
2026-04-10 12:00:00,4740.73,4782.08,4740.51,4771.76,37048
2026-04-10 16:00:00,4771.75,4794.97,4747.54,4763.75,64454
2026-04-10 20:00:00,4763.97,4773.13,4740.83,4750.57,33881
2026-04-13 00:00:00,4669.24,4699.3,4644.23,4695.59,31849
2026-04-13 04:00:00,4695.44,4727.91,4693.71,4723.08,41260
2026-04-13 08:00:00,4723.06,4739.96,4716.23,4723.28,38701
2026-04-13 12:00:00,4723.29,4729.12,4703.63,4723.55,59891
2026-04-13 16:00:00,4723.55,4746.22,4700.22,4733.08,108848
2026-04-13 20:00:00,4733.08,4750.12,4723.26,4740.24,57379
2026-04-14 00:00:00,4740.46,4775.82,4740.46,4769.91,36175
2026-04-14 04:00:00,4769.86,4777.18,4761.8,4774.14,57283
2026-04-14 08:00:00,4774.14,4796.35,4758.0,4786.58,73707
2026-04-14 12:00:00,4786.71,4789.34,4752.16,4771.36,75675
2026-04-14 16:00:00,4771.36,4820.45,4771.08,4810.23,110976
2026-04-14 20:00:00,4810.23,4846.31,4809.53,4841.66,65894
2026-04-15 00:00:00,4841.09,4850.64,4827.02,4835.42,37884
2026-04-15 04:00:00,4835.42,4871.42,4816.94,4824.96,74543
2026-04-15 08:00:00,4824.96,4830.39,4803.98,4818.44,84267
2026-04-15 12:00:00,4818.44,4819.57,4786.33,4811.63,80543
2026-04-15 16:00:00,4811.63,4830.63,4786.9,4803.96,106567
2026-04-15 20:00:00,4803.96,4808.75,4787.69,4790.64,58343
2026-04-16 00:00:00,4790.26,4837.59,4789.01,4833.09,31270
2026-04-16 04:00:00,4833.11,4836.41,4811.41,4833.07,52205
2026-04-16 08:00:00,4833.07,4838.38,4806.56,4813.92,68431
2026-04-16 12:00:00,4813.92,4823.36,4805.02,4816.24,67106
2026-04-16 16:00:00,4816.27,4824.0,4773.15,4791.95,114168
2026-04-16 20:00:00,4791.95,4798.63,4781.49,4790.61,63277
2026-04-17 00:00:00,4788.73,4801.29,4785.78,4794.86,27348
2026-04-17 04:00:00,4794.86,4804.51,4767.59,4803.07,54945
2026-04-17 08:00:00,4803.07,4806.28,4778.71,4795.93,61336
2026-04-17 12:00:00,4795.93,4847.65,4782.27,4846.46,67692
2026-04-17 16:00:00,4846.46,4889.64,4834.89,4866.97,117760
2026-04-17 20:00:00,4866.97,4869.57,4834.01,4835.12,62364
2026-04-20 00:00:00,4762.9,4795.3,4736.93,4772.48,59894
2026-04-20 04:00:00,4772.48,4814.44,4771.38,4788.81,63369
2026-04-20 08:00:00,4788.83,4805.74,4779.64,4796.17,69484
2026-04-20 12:00:00,4796.17,4822.08,4783.52,4803.45,64792
2026-04-20 16:00:00,4803.46,4827.61,4792.58,4805.53,108713
2026-04-20 20:00:00,4805.53,4821.92,4803.9,4820.58,50816
2026-04-21 00:00:00,4822.88,4833.24,4816.89,4823.97,34203
2026-04-21 04:00:00,4823.97,4824.59,4788.67,4789.11,53968
2026-04-21 08:00:00,4789.11,4797.0,4772.65,4785.95,67082
2026-04-21 12:00:00,4785.95,4797.95,4766.62,4778.86,67258
2026-04-21 16:00:00,4779.25,4794.39,4708.13,4711.12,134040
2026-04-21 20:00:00,4711.08,4722.17,4668.29,4720.28,110551
2026-04-22 00:00:00,4718.65,4747.47,4715.58,4739.84,34889
2026-04-22 04:00:00,4739.81,4765.05,4735.93,4754.6,52304
2026-04-22 08:00:00,4754.62,4772.35,4751.81,4757.02,59739
2026-04-22 12:00:00,4757.02,4762.48,4742.86,4744.22,62073
2026-04-22 16:00:00,4744.2,4760.98,4723.73,4728.68,103632
2026-04-22 20:00:00,4728.75,4749.36,4728.53,4740.06,51916
2026-04-23 00:00:00,4739.42,4753.62,4694.14,4747.88,45126
2026-04-23 04:00:00,4747.87,4749.96,4698.15,4704.48,76743
2026-04-23 08:00:00,4704.5,4724.78,4692.6,4703.3,69715
2026-04-23 12:00:00,4703.3,4743.13,4684.31,4740.22,82998
2026-04-23 16:00:00,4740.22,4741.24,4715.56,4732.95,99347
2026-04-23 20:00:00,4732.95,4734.54,4664.33,4694.13,100106
2026-04-24 00:00:00,4694.05,4707.85,4686.73,4704.62,37872
2026-04-24 04:00:00,4704.61,4711.05,4657.74,4674.49,75474
2026-04-24 08:00:00,4674.51,4697.4,4666.76,4690.83,65434
2026-04-24 12:00:00,4690.83,4717.24,4674.56,4700.73,79166
2026-04-24 16:00:00,4700.96,4740.29,4689.68,4726.89,110474
2026-04-24 20:00:00,4726.89,4730.13,4705.21,4708.58,56872
2026-04-27 00:00:00,4693.0,4699.83,4672.06,4697.77,39277
2026-04-27 04:00:00,4697.77,4730.11,4690.81,4725.01,64622
2026-04-27 08:00:00,4725.02,4725.53,4705.32,4706.82,65140
2026-04-27 12:00:00,4706.87,4712.64,4696.92,4699.21,58161
2026-04-27 16:00:00,4699.21,4703.46,4667.22,4676.69,97263
2026-04-27 20:00:00,4676.69,4686.16,4668.19,4681.58,51281
2026-04-28 00:00:00,4681.69,4701.24,4681.29,4690.54,26929
2026-04-28 04:00:00,4690.54,4691.46,4666.44,4667.62,57200
2026-04-28 08:00:00,4667.64,4668.01,4614.73,4629.69,85787
2026-04-28 12:00:00,4629.69,4630.03,4554.83,4593.78,92609
2026-04-28 16:00:00,4593.78,4594.75,4557.29,4592.23,119948
2026-04-28 20:00:00,4592.23,4601.51,4587.19,4596.89,50801
2026-04-29 00:00:00,4596.54,4610.25,4587.9,4600.15,27657
2026-04-29 04:00:00,4600.15,4605.61,4575.99,4604.76,63975
2026-04-29 08:00:00,4604.78,4607.73,4557.19,4573.13,72860
2026-04-29 12:00:00,4573.13,4580.86,4541.9,4544.91,74045
2026-04-29 16:00:00,4544.91,4564.85,4510.02,4545.46,114846
2026-04-29 20:00:00,4545.46,4554.54,4518.33,4543.43,90925
2026-04-30 00:00:00,4543.54,4574.12,4539.04,4569.86,41008
2026-04-30 04:00:00,4569.86,4582.57,4540.93,4542.14,76751
2026-04-30 08:00:00,4542.11,4629.56,4541.97,4616.38,88505
2026-04-30 12:00:00,4616.38,4646.89,4614.3,4639.58,113069
2026-04-30 16:00:00,4639.61,4646.1,4605.36,4607.6,120318
2026-04-30 20:00:00,4607.65,4627.56,4607.62,4621.76,69978
2026-05-01 00:00:00,4621.94,4634.03,4618.41,4619.64,31803
2026-05-01 04:00:00,4619.7,4636.01,4609.17,4609.17,43880
2026-05-01 08:00:00,4609.19,4616.19,4565.11,4568.82,55819
2026-05-01 12:00:00,4569.07,4607.75,4560.1,4591.21,56230
2026-05-01 16:00:00,4591.19,4660.16,4586.52,4638.97,100851
2026-05-01 20:00:00,4638.97,4642.78,4606.79,4613.65,52522
2026-05-04 00:00:00,4619.57,4629.4,4601.92,4613.03,38773
2026-05-04 04:00:00,4613.03,4618.68,4591.14,4605.95,60266
2026-05-04 08:00:00,4605.97,4613.19,4573.82,4577.01,68782
2026-05-04 12:00:00,4576.94,4584.53,4527.28,4568.34,84972
2026-05-04 16:00:00,4568.34,4583.27,4500.98,4510.72,125187
2026-05-04 20:00:00,4510.72,4531.68,4509.85,4523.74,64239
2026-05-05 00:00:00,4523.49,4530.5,4513.6,4530.03,25455
2026-05-05 04:00:00,4529.91,4546.69,4525.46,4533.7,47316
2026-05-05 08:00:00,4533.72,4559.69,4531.46,4558.54,64862
2026-05-05 12:00:00,4558.54,4574.62,4539.82,4564.55,67247
2026-05-05 16:00:00,4564.55,4586.78,4553.67,4561.18,86010
2026-05-05 20:00:00,4561.19,4565.76,4551.59,4557.36,42761
2026-05-06 00:00:00,4556.42,4620.03,4546.14,4618.79,43045
2026-05-06 04:00:00,4618.61,4653.68,4609.48,4648.97,61982
2026-05-06 08:00:00,4648.99,4702.51,4644.55,4700.02,69883
2026-05-06 12:00:00,4700.02,4722.87,4660.26,4683.34,96714
2026-05-06 16:00:00,4683.34,4717.62,4668.73,4683.07,104111
2026-05-06 20:00:00,4683.07,4700.13,4678.94,4690.84,47764
2026-05-07 00:00:00,4690.61,4701.12,4677.09,4688.71,34147
2026-05-07 04:00:00,4688.71,4721.28,4685.21,4696.37,63555
2026-05-07 08:00:00,4696.39,4753.48,4694.81,4731.18,80674
2026-05-07 12:00:00,4731.18,4752.78,4721.81,4749.99,77903
2026-05-07 16:00:00,4749.99,4764.81,4704.44,4714.96,119260
2026-05-07 20:00:00,4714.96,4719.61,4686.16,4687.05,87719
2026-05-08 00:00:00,4684.91,4709.61,4678.29,4701.36,40237
2026-05-08 04:00:00,4701.35,4732.78,4700.63,4711.02,66200
2026-05-08 08:00:00,4711.03,4734.71,4697.42,4715.85,76724
2026-05-08 12:00:00,4715.85,4732.15,4702.79,4724.39,76582
2026-05-08 16:00:00,4724.39,4749.51,4701.91,4712.4,111835
2026-05-08 20:00:00,4712.4,4728.99,4712.15,4715.15,47760
2026-05-11 00:00:00,4698.21,4700.39,4670.27,4683.6,43282
2026-05-11 04:00:00,4683.45,4705.52,4668.45,4672.1,74401
2026-05-11 08:00:00,4672.12,4680.75,4648.14,4667.52,70697
2026-05-11 12:00:00,4667.52,4701.13,4650.6,4699.99,68880
2026-05-11 16:00:00,4699.99,4748.62,4698.67,4716.52,103674
2026-05-11 20:00:00,4716.52,4738.33,4715.92,4734.73,47102
2026-05-12 00:00:00,4735.66,4773.42,4735.18,4749.31,42087
2026-05-12 04:00:00,4749.18,4755.51,4711.36,4714.2,75777
2026-05-12 08:00:00,4714.2,4722.09,4686.83,4703.44,77845
2026-05-12 12:00:00,4703.44,4711.85,4685.17,4705.77,74318
2026-05-12 16:00:00,4705.72,4709.09,4638.32,4671.15,122898
2026-05-12 20:00:00,4671.15,4719.23,4671.15,4715.24,65214
2026-05-13 00:00:00,4715.35,4727.01,4710.53,4714.58,40359
2026-05-13 04:00:00,4714.57,4717.15,4687.57,4699.68,73075
2026-05-13 08:00:00,4699.7,4715.41,4693.7,4700.62,70559
2026-05-13 12:00:00,4700.62,4710.45,4676.13,4683.85,79690
2026-05-13 16:00:00,4683.84,4709.88,4669.45,4695.67,102523
2026-05-13 20:00:00,4695.67,4701.3,4677.63,4688.83,54428
2026-05-14 00:00:00,4689.14,4706.77,4688.9,4705.0,31691
2026-05-14 04:00:00,4704.9,4712.91,4668.38,4702.43,80356
2026-05-14 08:00:00,4702.48,4718.76,4686.06,4693.31,74100
2026-05-14 12:00:00,4693.32,4710.06,4688.48,4704.82,70165
2026-05-14 16:00:00,4704.82,4707.8,4666.65,4678.6,99470
2026-05-14 20:00:00,4678.6,4682.99,4644.39,4652.28,49236
2026-05-15 00:00:00,4651.88,4665.28,4613.61,4630.4,48483
2026-05-15 04:00:00,4630.53,4631.68,4604.45,4605.82,94162
2026-05-15 08:00:00,4606.03,4606.45,4550.12,4554.42,113104
2026-05-15 12:00:00,4554.42,4572.58,4531.89,4545.86,102086
2026-05-15 16:00:00,4545.86,4566.49,4511.76,4544.38,128731
2026-05-15 20:00:00,4544.38,4564.47,4533.06,4538.84,63579
2026-05-18 00:00:00,4532.19,4554.89,4480.3,4516.0,62844
2026-05-18 04:00:00,4515.48,4549.83,4489.58,4540.65,102124
2026-05-18 08:00:00,4540.68,4559.92,4529.68,4550.0,89922
2026-05-18 12:00:00,4550.0,4574.95,4529.85,4571.22,89837
2026-05-18 16:00:00,4571.21,4584.27,4531.88,4550.21,122195
2026-05-18 20:00:00,4550.21,4566.67,4534.08,4566.08,67005
2026-05-19 00:00:00,4566.4,4589.24,4561.3,4563.41,38639
2026-05-19 04:00:00,4563.34,4572.48,4538.05,4542.43,76526
2026-05-19 08:00:00,4542.45,4559.28,4530.89,4542.79,79064
2026-05-19 12:00:00,4542.79,4548.0,4525.47,4537.12,73217
2026-05-19 16:00:00,4537.12,4537.43,4464.68,4507.71,119332
2026-05-19 20:00:00,4507.71,4511.07,4480.92,4481.89,55093
2026-05-20 00:00:00,4482.5,4508.83,4477.39,4500.99,42004
2026-05-20 04:00:00,4500.99,4506.28,4453.52,4462.08,88004
2026-05-20 08:00:00,4462.1,4490.11,4461.39,4484.15,81921
2026-05-20 12:00:00,4484.14,4505.36,4472.7,4496.23,65452
2026-05-20 16:00:00,4496.23,4553.07,4467.02,4534.52,121952
2026-05-20 20:00:00,4534.52,4550.31,4529.31,4543.7,57290
2026-05-21 00:00:00,4539.88,4553.29,4534.58,4545.26,37679
2026-05-21 04:00:00,4545.26,4570.94,4527.27,4538.42,70211
2026-05-21 08:00:00,4538.44,4540.42,4511.83,4532.52,76336
2026-05-21 12:00:00,4532.52,4542.96,4502.3,4504.08,90214
2026-05-21 16:00:00,4504.08,4521.18,4488.69,4519.48,109632
2026-05-21 20:00:00,4519.48,4559.27,4514.18,4543.1,77854
2026-05-22 00:00:00,4539.63,4545.69,4525.64,4526.78,31602
2026-05-22 04:00:00,4526.78,4536.31,4518.52,4527.26,65412
2026-05-22 08:00:00,4527.22,4534.31,4507.54,4521.88,68252
2026-05-22 12:00:00,4521.88,4536.84,4510.36,4528.2,70466
2026-05-22 16:00:00,4528.14,4534.33,4491.82,4514.94,99110
2026-05-22 20:00:00,4514.96,4527.9,4504.01,4507.92,51747
2026-05-25 00:00:00,4542.51,4580.03,4540.64,4569.49,45290
2026-05-25 04:00:00,4569.49,4576.32,4556.73,4564.85,56971
2026-05-25 08:00:00,4564.85,4566.1,4550.47,4556.15,51010
2026-05-25 12:00:00,4556.15,4576.97,4552.86,4567.7,44341
2026-05-25 16:00:00,4567.69,4574.71,4560.13,4573.6,48536
2026-05-25 20:00:00,4573.6,4577.98,4563.29,4569.39,9700
2026-05-26 00:00:00,4570.32,4580.5,4539.42,4549.57,39861
2026-05-26 04:00:00,4549.57,4550.38,4523.54,4525.41,55939
2026-05-26 08:00:00,4525.43,4538.98,4520.17,4523.72,62884
2026-05-26 12:00:00,4523.72,4540.53,4500.73,4520.43,72016
2026-05-26 16:00:00,4520.43,4531.31,4499.78,4504.9,84875
2026-05-26 20:00:00,4504.9,4510.43,4482.41,4507.42,47280
2026-05-27 00:00:00,4504.27,4538.08,4498.01,4515.14,36803
2026-05-27 04:00:00,4515.14,4521.14,4495.82,4510.16,48329
2026-05-27 08:00:00,4510.16,4513.95,4475.72,4497.86,66501
2026-05-27 12:00:00,4497.86,4497.86,4424.99,4438.89,78281
2026-05-27 16:00:00,4438.89,4455.51,4401.52,4450.85,93527
2026-05-27 20:00:00,4450.85,4458.77,4441.47,4456.23,37460
2026-05-28 00:00:00,4453.3,4465.16,4443.86,4457.08,31429
2026-05-28 04:00:00,4457.08,4458.74,4366.52,4373.0,80675
2026-05-28 08:00:00,4373.02,4396.31,4367.14,4386.9,64674
2026-05-28 12:00:00,4386.9,4433.91,4375.36,4432.21,68885
2026-05-28 16:00:00,4432.23,4511.02,4418.19,4510.98,104709
2026-05-28 20:00:00,4510.98,4516.54,4494.87,4495.64,46591
2026-05-29 00:00:00,4492.98,4500.54,4488.5,4496.12,31371
2026-05-29 04:00:00,4496.12,4520.64,4492.41,4514.18,61307
2026-05-29 08:00:00,4514.17,4526.21,4502.7,4514.84,63483
2026-05-29 12:00:00,4514.85,4543.44,4512.74,4522.97,69511
2026-05-29 16:00:00,4523.1,4595.18,4517.11,4566.96,106370
2026-05-29 20:00:00,4566.96,4568.61,4541.3,4542.1,50689
2026-06-01 00:00:00,4522.16,4546.06,4517.42,4540.67,35480
2026-06-01 04:00:00,4540.76,4541.25,4508.59,4514.47,54561
2026-06-01 08:00:00,4514.5,4525.18,4490.58,4498.11,60894
2026-06-01 12:00:00,4498.13,4512.92,4489.24,4502.25,56480
2026-06-01 16:00:00,4502.25,4503.89,4447.68,4480.08,97531
2026-06-01 20:00:00,4480.08,4495.45,4471.42,4484.7,41945
2026-06-02 00:00:00,4475.12,4497.22,4475.12,4481.54,28215
2026-06-02 04:00:00,4481.37,4518.21,4462.94,4517.36,61252
2026-06-02 08:00:00,4517.4,4541.46,4515.24,4526.68,56678
2026-06-02 12:00:00,4526.7,4535.75,4513.47,4514.6,50291
2026-06-02 16:00:00,4514.7,4524.79,4486.39,4491.89,80053
2026-06-02 20:00:00,4491.89,4492.99,4478.74,4487.91,40871
2026-06-03 00:00:00,4480.04,4496.76,4462.22,4486.15,38158
2026-06-03 04:00:00,4485.97,4488.19,4463.33,4469.35,54053
2026-06-03 08:00:00,4469.37,4474.26,4440.18,4444.01,69875
2026-06-03 12:00:00,4444.0,4468.04,4438.99,4460.37,71944
2026-06-03 16:00:00,4460.37,4465.97,4426.29,4441.85,100807
2026-06-03 20:00:00,4441.93,4452.24,4430.47,4434.42,52941
2026-06-04 00:00:00,4431.66,4465.18,4424.02,4448.44,45188
2026-06-04 04:00:00,4448.42,4484.0,4443.41,4481.03,66462
2026-06-04 08:00:00,4481.05,4482.42,4458.56,4463.36,64251
2026-06-04 12:00:00,4463.36,4514.74,4461.1,4504.16,69904
2026-06-04 16:00:00,4504.16,4515.39,4457.26,4482.85,87488
2026-06-04 20:00:00,4482.85,4483.46,4472.73,4475.24,39830
2026-06-05 00:00:00,4472.06,4481.51,4450.65,4459.18,39157
2026-06-05 04:00:00,4459.18,4470.06,4435.24,4444.96,69743
2026-06-05 08:00:00,4444.99,4468.19,4428.81,4462.79,68831
2026-06-05 12:00:00,4462.78,4475.77,4404.82,4406.29,75126
2026-06-05 16:00:00,4406.29,4421.02,4323.46,4344.66,144446
2026-06-05 20:00:00,4344.66,4347.52,4311.68,4329.25,88164
